{
  "__type__": "cc.SpriteFrame",
  "content": {
    "name": "zxnn_main_atlas",
    "atlas": "",
    "rect": {
      "x": 2,
      "y": 2,
      "width": 714,
      "height": 718
    },
    "offset": {
      "x": -2,
      "y": 0
    },
    "originalSize": {
      "width": 722,
      "height": 722
    },
    "rotated": false,
    "capInsets": [
      0,
      0,
      0,
      0
    ],
    "vertices": {
      "rawPosition": [
        -357,
        -359,
        0,
        357,
        -359,
        0,
        -357,
        359,
        0,
        357,
        359,
        0
      ],
      "indexes": [
        0,
        1,
        2,
        2,
        1,
        3
      ],
      "uv": [
        2,
        720,
        716,
        720,
        2,
        2,
        716,
        2
      ],
      "nuv": [
        0.002770083102493075,
        0.002770083102493075,
        0.9916897506925207,
        0.002770083102493075,
        0.002770083102493075,
        0.997229916897507,
        0.9916897506925207,
        0.997229916897507
      ],
      "minPos": {
        "x": -357,
        "y": -359,
        "z": 0
      },
      "maxPos": {
        "x": 357,
        "y": 359,
        "z": 0
      }
    },
    "texture": "e80e626f-66d8-47ed-afd6-a74a52d53b22@6c48a",
    "packable": true,
    "pixelsToUnit": 100,
    "pivot": {
      "x": 0.5,
      "y": 0.5
    },
    "meshType": 0
  }
}