{
  "__type__": "cc.SpriteFrame",
  "content": {
    "name": "bawanglong_tex",
    "atlas": "",
    "rect": {
      "x": 1,
      "y": 1,
      "width": 510,
      "height": 214
    },
    "offset": {
      "x": -0.5,
      "y": 0.5
    },
    "originalSize": {
      "width": 513,
      "height": 217
    },
    "rotated": false,
    "capInsets": [
      0,
      0,
      0,
      0
    ],
    "vertices": {
      "rawPosition": [
        -255,
        -107,
        0,
        255,
        -107,
        0,
        -255,
        107,
        0,
        255,
        107,
        0
      ],
      "indexes": [
        0,
        1,
        2,
        2,
        1,
        3
      ],
      "uv": [
        1,
        216,
        511,
        216,
        1,
        2,
        511,
        2
      ],
      "nuv": [
        0.001949317738791423,
        0.009216589861751152,
        0.9961013645224172,
        0.009216589861751152,
        0.001949317738791423,
        0.9953917050691244,
        0.9961013645224172,
        0.9953917050691244
      ],
      "minPos": {
        "x": -255,
        "y": -107,
        "z": 0
      },
      "maxPos": {
        "x": 255,
        "y": 107,
        "z": 0
      }
    },
    "texture": "fc7a0305-4ac0-4112-aba7-6aa2b11cfab8@6c48a",
    "packable": true,
    "pixelsToUnit": 100,
    "pivot": {
      "x": 0.5,
      "y": 0.5
    },
    "meshType": 0
  }
}