{
  "__type__": "cc.SpriteFrame",
  "content": {
    "name": "chuansongganzi",
    "atlas": "",
    "rect": {
      "x": 2,
      "y": 2,
      "width": 135,
      "height": 41
    },
    "offset": {
      "x": 0,
      "y": 0
    },
    "originalSize": {
      "width": 139,
      "height": 45
    },
    "rotated": false,
    "capInsets": [
      0,
      0,
      0,
      0
    ],
    "vertices": {
      "rawPosition": [
        -67.5,
        -20.5,
        0,
        67.5,
        -20.5,
        0,
        -67.5,
        20.5,
        0,
        67.5,
        20.5,
        0
      ],
      "indexes": [
        0,
        1,
        2,
        2,
        1,
        3
      ],
      "uv": [
        2,
        43,
        137,
        43,
        2,
        2,
        137,
        2
      ],
      "nuv": [
        0.014388489208633094,
        0.044444444444444446,
        0.9856115107913669,
        0.044444444444444446,
        0.014388489208633094,
        0.9555555555555556,
        0.9856115107913669,
        0.9555555555555556
      ],
      "minPos": {
        "x": -67.5,
        "y": -20.5,
        "z": 0
      },
      "maxPos": {
        "x": 67.5,
        "y": 20.5,
        "z": 0
      }
    },
    "texture": "d43b1e3a-923b-4d89-9464-3b0198638f4c@6c48a",
    "packable": true,
    "pixelsToUnit": 100,
    "pivot": {
      "x": 0.5,
      "y": 0.5
    },
    "meshType": 0
  }
}